CGPA,Field of Study,Family Income per Month (RM),Co-curricular Score (/100),Number of Leadership Positions,Eligibility
2.75,Engineering,7508,83,2,In Review
3.9,Education,14155,57,2,In Review
3.46,Law,8782,41,1,In Review
3.2,Science,2900,21,3,In Review
2.31,Psychology,12649,50,1,Ineligible
2.31,Law,13645,30,1,Ineligible
2.12,Engineering,12588,65,0,Ineligible
3.73,Law,4548,81,1,Eligible
3.2,Medicine,3973,88,1,In Review
3.42,Arts,2615,83,3,In Review
2.04,Education,4641,29,0,Ineligible
3.94,Engineering,10997,59,1,In Review
3.66,Law,8816,43,1,In Review
2.42,Arts,7811,63,1,Ineligible
2.36,Arts,5293,79,1,Ineligible
2.37,Law,1474,81,1,Ineligible
2.61,Psychology,8888,36,0,In Review
3.05,Medicine,9378,84,1,In Review
2.86,Business,2958,76,2,In Review
2.58,Medicine,3461,74,2,In Review
3.22,Law,2864,72,0,In Review
2.28,Education,12843,75,1,Ineligible
2.58,Business,4053,28,6,In Review
2.73,Engineering,5779,41,1,In Review
2.91,Medicine,8503,32,1,In Review
3.57,Law,13628,67,1,In Review
2.4,Medicine,13258,37,1,Ineligible
3.03,Business,9731,95,1,In Review
3.18,Finance,2201,59,3,In Review
2.09,Science,4059,36,1,Ineligible
3.22,Medicine,11269,34,1,In Review
2.34,Engineering,12896,34,0,Ineligible
2.13,Engineering,4723,98,3,Ineligible
3.9,Computer Science,5014,82,0,Eligible
3.93,Medicine,4027,58,0,In Review
3.62,Science,11823,32,2,In Review
2.61,Psychology,12750,51,1,In Review
2.2,Arts,11504,28,3,Ineligible
3.37,Science,11143,59,1,In Review
2.88,Arts,12667,39,0,In Review
2.24,Arts,3545,96,5,Ineligible
2.99,Finance,6891,99,1,In Review
2.07,Computer Science,4666,92,2,Ineligible
3.82,Science,12756,82,2,In Review
2.52,Science,14793,95,0,In Review
3.33,Finance,6618,63,0,In Review
2.62,Medicine,3022,57,1,In Review
3.04,Medicine,3592,79,3,In Review
3.09,Medicine,10689,90,1,In Review
2.37,Education,14532,67,2,Ineligible
3.94,Arts,12454,37,0,In Review
3.55,Education,4863,35,2,In Review
3.88,Computer Science,14847,74,0,In Review
3.79,Finance,2324,58,1,In Review
3.2,Science,13752,87,0,In Review
3.84,Arts,9024,78,1,In Review
2.18,Education,6998,81,1,Ineligible
2.39,Education,4825,32,0,Ineligible
2.09,Law,3366,25,1,Ineligible
2.65,Education,3603,96,1,In Review
2.78,Psychology,12888,79,1,In Review
2.54,Science,4509,33,2,In Review
3.66,Psychology,6955,73,1,Eligible
2.71,Science,14639,23,3,In Review
2.56,Finance,1519,58,1,In Review
3.09,Science,7316,91,0,In Review
2.28,Psychology,5379,44,2,Ineligible
3.6,Science,1772,96,3,Eligible
2.15,Finance,4518,51,2,Ineligible
3.97,Finance,8195,78,1,In Review
3.54,Computer Science,5202,82,1,Eligible
2.4,Science,5352,57,2,Ineligible
2.01,Law,3007,72,2,Ineligible
3.63,Medicine,5226,86,2,Eligible
3.41,Engineering,7719,47,2,In Review
3.46,Finance,13312,22,2,In Review
3.54,Business,12022,99,6,In Review
2.15,Medicine,12567,41,0,Ineligible
2.72,Arts,14567,57,2,In Review
2.23,Science,12108,91,2,Ineligible
3.73,Psychology,12277,91,0,In Review
3.25,Engineering,14170,81,2,In Review
2.66,Business,9635,76,1,In Review
2.13,Medicine,13703,25,1,Ineligible
2.62,Science,9186,97,4,In Review
2.65,Computer Science,12988,51,3,In Review
3.46,Arts,9480,29,1,In Review
3.28,Engineering,3004,22,0,In Review
3.77,Law,11649,78,0,In Review
2.94,Computer Science,6145,95,0,In Review
2.24,Business,4076,68,2,Ineligible
3.43,Engineering,1902,78,2,In Review
3.52,Computer Science,6043,50,5,In Review
3.12,Arts,7414,88,1,In Review
3.54,Law,10233,81,0,In Review
2.99,Computer Science,9507,71,1,In Review
3.05,Education,14713,60,2,In Review
2.86,Law,6023,50,1,In Review
2.05,Business,9384,41,3,Ineligible
2.22,Arts,1430,23,2,Ineligible
2.06,Science,12708,32,1,Ineligible
3.27,Psychology,10839,64,3,In Review
2.63,Psychology,11647,61,0,In Review
3.02,Psychology,9971,68,0,In Review
3.82,Engineering,13521,39,1,In Review
2.5,Business,12394,96,4,In Review
2.82,Arts,12863,73,2,In Review
3.51,Law,7483,55,0,In Review
2.46,Engineering,1077,20,1,Ineligible
2.15,Business,1032,34,1,Ineligible
2.58,Science,10544,96,2,In Review
2.32,Education,6490,36,3,Ineligible
3.86,Arts,14201,43,3,In Review
3.62,Psychology,8459,77,3,In Review
3.27,Computer Science,12262,91,1,In Review
3.74,Arts,11401,42,1,In Review
3.61,Finance,12504,65,1,In Review
2.37,Business,825,91,0,Ineligible
3.79,Medicine,14505,27,2,In Review
3.08,Science,8268,78,1,In Review
3.61,Education,7210,78,3,Eligible
3.79,Science,9452,32,2,In Review
2.64,Arts,4564,58,1,In Review
2.22,Medicine,7399,47,1,Ineligible
2.46,Finance,12423,80,2,Ineligible
2.85,Law,14179,35,0,In Review
3.64,Computer Science,5902,21,3,In Review
3.72,Medicine,7806,36,1,In Review
2.01,Business,4283,49,0,Ineligible
3.02,Psychology,2794,32,0,In Review
2.83,Finance,9482,32,1,In Review
2.44,Computer Science,1872,62,0,Ineligible
2.24,Education,7507,40,2,Ineligible
2.68,Psychology,12165,74,1,In Review
3.89,Arts,1015,59,0,In Review
2.65,Medicine,8405,34,0,In Review
3.04,Computer Science,10715,92,1,In Review
3.41,Engineering,10584,71,0,In Review
2.73,Law,3406,93,2,In Review
3.94,Law,9150,72,1,In Review
3.92,Finance,5581,71,2,Eligible
2.5,Education,4113,49,1,In Review
2.99,Finance,11833,52,0,In Review
2.6,Engineering,10768,76,1,In Review
2.57,Business,11044,71,6,In Review
2.07,Education,8563,28,2,Ineligible
3.22,Science,6739,73,1,In Review
3.01,Business,3095,20,2,In Review
2.1,Education,6485,63,3,Ineligible
2.56,Education,2496,94,1,In Review
3.82,Engineering,11985,99,3,In Review
2.48,Arts,11461,28,0,Ineligible
2.29,Engineering,2746,51,2,Ineligible
2.98,Education,12801,34,0,In Review
3.97,Computer Science,3583,31,3,In Review
2.48,Business,4444,97,2,Ineligible
3.34,Engineering,6041,76,4,In Review
3.52,Arts,7220,27,1,In Review
2.48,Medicine,14669,91,3,Ineligible
3.46,Finance,11492,46,0,In Review
2.74,Education,8357,81,2,In Review
3.26,Science,12637,31,1,In Review
3.27,Medicine,3445,84,1,In Review
3.07,Law,7389,61,0,In Review
2.18,Psychology,7153,81,1,Ineligible
3.67,Arts,11341,30,0,In Review
2.64,Science,2732,62,0,In Review
2.37,Psychology,12286,36,2,Ineligible
2.08,Arts,2557,51,0,Ineligible
3.18,Computer Science,5885,59,0,In Review
3.36,Finance,6437,42,3,In Review
2.03,Medicine,1916,75,2,Ineligible
3.02,Business,11559,25,1,In Review
2.45,Arts,12491,69,4,Ineligible
3.29,Business,1292,56,2,In Review
2.35,Finance,12298,83,3,Ineligible
3.38,Education,9611,73,2,In Review
2.77,Law,12224,91,1,In Review
3.87,Medicine,8688,68,2,In Review
2.28,Finance,12815,30,3,Ineligible
2.68,Finance,7274,68,2,In Review
2.23,Computer Science,11372,40,1,Ineligible
3.85,Psychology,10538,85,2,In Review
3.75,Law,5758,82,2,Eligible
2.52,Medicine,14779,47,1,In Review
3.32,Education,12555,36,1,In Review
3.63,Education,10597,25,0,In Review
3.11,Engineering,12744,38,1,In Review
3.06,Finance,13667,75,0,In Review
2.48,Arts,10882,47,2,Ineligible
2.19,Computer Science,10267,85,2,Ineligible
3.79,Law,3543,57,2,In Review
3.8,Education,14943,56,0,In Review
3.27,Medicine,8666,87,2,In Review
2.68,Engineering,11485,68,2,In Review
2.7,Medicine,7960,62,3,In Review
3.45,Computer Science,6251,55,3,In Review
3.79,Arts,6058,77,3,Eligible
3.77,Engineering,9348,32,2,In Review
3.56,Engineering,14712,71,2,In Review
3.28,Psychology,7986,77,0,In Review
2.17,Law,6902,51,2,Ineligible
2.32,Engineering,9861,79,2,Ineligible
3.8,Psychology,9877,77,2,In Review
3.21,Psychology,10993,75,0,In Review
2.02,Computer Science,14501,47,0,Ineligible
2.2,Business,10275,20,2,Ineligible
3.33,Medicine,1419,61,1,In Review
2.01,Arts,1682,67,2,Ineligible
2.32,Science,9788,59,2,Ineligible
3.1,Medicine,4442,82,4,In Review
3.38,Engineering,12417,95,0,In Review
3.3,Arts,2096,91,1,In Review
2.45,Education,13706,99,0,Ineligible
3.42,Business,14922,23,0,In Review
2.47,Education,9236,57,0,Ineligible
2.65,Education,3695,46,1,In Review
3.49,Law,7393,28,2,In Review
3.3,Medicine,1729,35,0,In Review
3.7,Science,6166,75,1,Eligible
3.32,Computer Science,9511,95,3,In Review
3.14,Science,4012,50,1,In Review
2.19,Education,3209,33,3,Ineligible
2.74,Engineering,8999,44,3,In Review
2.53,Business,11517,53,2,In Review
2.49,Finance,4223,86,1,Ineligible
3.95,Science,11011,43,1,In Review
2.79,Education,13582,92,1,In Review
3.78,Business,14717,45,1,In Review
3.26,Arts,7776,39,0,In Review
3.59,Medicine,8394,83,2,In Review
3.01,Psychology,5958,29,1,In Review
3.15,Law,13274,86,3,In Review
2.99,Business,4467,43,2,In Review
2.39,Engineering,12663,24,2,Ineligible
3.44,Engineering,11793,86,0,In Review
2.56,Business,6773,77,2,In Review
2.05,Engineering,7036,46,1,Ineligible
3.29,Medicine,9077,99,3,In Review
2.35,Engineering,12107,34,2,Ineligible
3.88,Science,13224,54,0,In Review
3.91,Psychology,3268,95,4,Eligible
3.83,Engineering,7017,72,2,Eligible
2.74,Psychology,4419,63,3,In Review
2.03,Education,2436,45,0,Ineligible
3.86,Computer Science,8955,66,1,In Review
2.86,Medicine,4383,53,2,In Review
3.93,Computer Science,4809,69,2,In Review
3.93,Education,4126,31,1,In Review
3.71,Medicine,11210,23,1,In Review
2.59,Business,8948,67,1,In Review
2.77,Business,14839,74,2,In Review
3.7,Psychology,3017,20,3,In Review
2.63,Education,14875,85,3,In Review
2.34,Psychology,5767,49,1,Ineligible
3.11,Law,3169,22,1,In Review
3.87,Engineering,4438,40,1,In Review
3.39,Finance,11495,68,3,In Review
3.14,Law,9935,81,3,In Review
2.19,Engineering,6522,57,2,Ineligible
3.23,Medicine,11829,34,1,In Review
3.98,Psychology,11652,71,0,In Review
2.28,Medicine,11928,98,1,Ineligible
3.04,Medicine,5244,65,1,In Review
3.75,Engineering,8418,44,1,In Review
3.48,Education,4747,40,2,In Review
3.39,Engineering,2476,24,3,In Review
3.4,Arts,1996,89,3,In Review
2.72,Business,13097,66,1,In Review
2.59,Business,3587,87,2,In Review
3.62,Law,8232,37,1,In Review
3.62,Business,10453,40,2,In Review
3.73,Engineering,8727,42,0,In Review
3.83,Science,4118,83,1,Eligible
3.02,Psychology,9658,86,0,In Review
3.0,Engineering,7489,59,1,In Review
3.6,Engineering,14610,29,1,In Review
3.3,Finance,2976,71,1,In Review
3.4,Psychology,4543,91,0,In Review
3.59,Arts,9592,94,2,In Review
3.78,Business,11644,80,1,In Review
2.68,Psychology,5222,83,3,In Review
2.75,Business,4624,24,0,In Review
2.19,Law,12898,72,1,Ineligible
3.16,Psychology,9971,74,4,In Review
2.07,Business,3251,56,1,Ineligible
2.93,Arts,1428,75,0,In Review
3.09,Computer Science,10621,78,1,In Review
2.57,Medicine,8578,88,1,In Review
3.18,Medicine,4496,92,2,In Review
2.06,Arts,12422,78,2,Ineligible
2.07,Finance,4474,21,3,Ineligible
3.65,Computer Science,4729,84,3,Eligible
2.72,Law,3565,79,2,In Review
2.25,Arts,5169,70,1,Ineligible
3.04,Medicine,13772,49,3,In Review
3.54,Medicine,9107,30,1,In Review
2.43,Medicine,5756,95,1,Ineligible
3.25,Education,10995,58,1,In Review
2.17,Arts,1492,96,1,Ineligible
2.1,Engineering,3962,91,1,Ineligible
3.06,Law,1905,82,0,In Review
3.08,Medicine,3808,83,3,In Review
3.27,Business,2961,80,3,In Review
3.45,Arts,14880,73,3,In Review
3.95,Education,9145,92,2,In Review
3.03,Arts,14988,77,1,In Review
2.65,Law,14515,75,1,In Review
3.59,Education,4499,53,1,In Review
2.54,Law,14377,50,2,In Review
2.88,Arts,13402,71,0,In Review
2.16,Engineering,4586,95,0,Ineligible
2.05,Law,10056,20,2,Ineligible
3.93,Education,5000,74,0,Eligible
3.67,Education,2713,41,4,In Review
3.39,Law,10208,59,0,In Review
2.82,Science,6320,20,0,In Review
2.35,Arts,11393,84,1,Ineligible
2.31,Science,2572,82,1,Ineligible
2.5,Finance,10952,73,4,In Review
3.1,Arts,3580,61,1,In Review
3.43,Law,14691,40,1,In Review
3.32,Computer Science,13796,98,2,In Review
2.56,Law,8223,41,1,In Review
3.91,Science,13738,57,5,In Review
3.48,Engineering,3671,99,3,In Review
3.11,Law,14034,27,4,In Review
3.22,Law,1460,81,2,In Review
2.84,Engineering,7042,66,1,In Review
2.5,Law,11627,36,1,In Review
2.71,Medicine,11321,36,2,In Review
3.52,Computer Science,12946,32,1,In Review
2.03,Business,11442,36,2,Ineligible
2.23,Computer Science,1932,57,2,Ineligible
2.09,Law,1499,97,1,Ineligible
2.08,Medicine,8270,64,1,Ineligible
3.71,Arts,11030,25,1,In Review
3.41,Law,7097,54,3,In Review
2.95,Science,13639,33,1,In Review
2.2,Medicine,8612,91,2,Ineligible
2.98,Engineering,13492,80,3,In Review
2.95,Medicine,5357,34,1,In Review
2.35,Engineering,2979,73,0,Ineligible
2.87,Finance,11830,46,3,In Review
2.8,Business,9865,32,2,In Review
3.23,Psychology,9075,50,1,In Review
3.27,Medicine,2222,54,2,In Review
2.09,Education,11667,79,0,Ineligible
2.75,Science,3980,25,0,In Review
3.25,Law,5116,88,0,In Review
3.01,Science,12967,77,2,In Review
3.71,Computer Science,7496,68,0,In Review
3.32,Psychology,10383,42,2,In Review
2.33,Computer Science,12210,53,1,Ineligible
2.14,Finance,13199,45,1,Ineligible
3.28,Psychology,1414,66,3,In Review
2.05,Psychology,14669,24,1,Ineligible
3.17,Computer Science,11963,39,1,In Review
3.88,Engineering,12557,25,0,In Review
3.15,Computer Science,12568,89,4,In Review
2.78,Science,5370,78,0,In Review
3.29,Engineering,1070,83,4,In Review
2.92,Science,13058,37,1,In Review
3.09,Finance,3268,23,2,In Review
3.88,Law,10382,36,1,In Review
2.77,Arts,12346,33,1,In Review
3.92,Engineering,13127,97,1,In Review
3.81,Finance,14081,32,1,In Review
2.39,Education,4407,26,1,Ineligible
2.14,Finance,11575,63,1,Ineligible
2.2,Computer Science,13065,34,0,Ineligible
2.04,Computer Science,3875,38,3,Ineligible
2.19,Arts,12898,82,1,Ineligible
3.37,Finance,1089,54,0,In Review
2.14,Business,8920,54,3,Ineligible
2.64,Law,11472,38,1,In Review
3.69,Computer Science,7414,39,2,In Review
2.05,Arts,4052,54,1,Ineligible
3.63,Law,8215,51,2,In Review
2.56,Finance,7571,67,1,In Review
2.24,Finance,1078,63,2,Ineligible
3.39,Psychology,11916,43,4,In Review
3.26,Arts,1380,80,0,In Review
3.75,Computer Science,5758,36,1,In Review
3.47,Business,9245,90,0,In Review
3.61,Finance,5076,69,0,In Review
2.56,Business,8797,84,2,In Review
2.35,Finance,5576,51,0,Ineligible
3.5,Computer Science,1624,55,1,In Review
3.61,Law,4632,32,0,In Review
3.98,Medicine,9691,89,0,In Review
2.83,Law,6245,77,3,In Review
2.74,Finance,2180,33,3,In Review
3.55,Science,12888,56,1,In Review
2.68,Medicine,10665,98,3,In Review
3.86,Medicine,11719,87,1,In Review
3.72,Business,7334,59,5,In Review
2.86,Arts,14726,78,1,In Review
3.5,Business,3956,99,3,Eligible
3.51,Business,12380,35,1,In Review
2.21,Science,5107,81,2,Ineligible
3.81,Law,6434,23,1,In Review
3.01,Law,9375,64,2,In Review
3.65,Education,6610,47,0,In Review
2.64,Finance,9333,85,2,In Review
3.79,Science,6734,50,1,In Review
2.78,Education,10979,22,1,In Review
2.02,Computer Science,13051,27,2,Ineligible
3.81,Finance,13931,43,1,In Review
2.18,Finance,3909,34,2,Ineligible
2.64,Psychology,4882,62,0,In Review
3.9,Psychology,14622,50,0,In Review
3.9,Engineering,13507,92,2,In Review
3.15,Engineering,11790,64,1,In Review
3.26,Business,4040,85,1,In Review
2.9,Computer Science,10980,27,4,In Review
2.59,Medicine,6828,90,2,In Review
2.66,Medicine,12406,76,1,In Review
3.35,Psychology,2649,99,1,In Review
3.5,Psychology,9297,49,1,In Review
3.58,Psychology,12605,93,2,In Review
3.58,Science,3549,37,1,In Review
2.18,Arts,13956,88,3,Ineligible
2.99,Engineering,7480,58,0,In Review
2.12,Science,10127,79,0,Ineligible
3.1,Law,14522,62,4,In Review
2.88,Medicine,1005,64,2,In Review
3.78,Finance,8152,42,2,In Review
2.7,Engineering,5391,88,1,In Review
2.23,Education,4250,25,3,Ineligible
2.29,Law,8014,75,3,Ineligible
3.52,Engineering,14997,23,2,In Review
3.24,Science,4611,42,0,In Review
2.2,Computer Science,12614,25,0,Ineligible
2.17,Finance,12591,51,0,Ineligible
3.4,Engineering,11543,37,1,In Review
2.15,Arts,5941,34,0,Ineligible
3.64,Psychology,13300,59,2,In Review
3.41,Psychology,9301,92,0,In Review
2.16,Finance,3508,93,4,Ineligible
2.17,Science,2791,25,0,Ineligible
3.97,Psychology,9263,82,0,In Review
2.75,Engineering,12634,86,0,In Review
2.74,Education,13078,30,2,In Review
3.63,Medicine,10814,62,0,In Review
3.89,Medicine,4073,36,2,In Review
3.97,Law,5338,23,1,In Review
3.51,Business,13341,82,2,In Review
2.75,Computer Science,9512,87,1,In Review
2.17,Finance,9968,60,2,Ineligible
3.55,Law,4522,24,3,In Review
3.12,Business,4351,51,0,In Review
2.85,Science,13097,89,3,In Review
3.81,Arts,11765,54,3,In Review
2.22,Arts,11544,41,2,Ineligible
2.99,Computer Science,3632,84,1,In Review
2.02,Psychology,12899,41,1,Ineligible
2.94,Engineering,6479,30,3,In Review
2.11,Law,7379,96,2,Ineligible
2.24,Law,14222,22,1,Ineligible
2.24,Finance,952,28,2,Ineligible
3.3,Finance,6554,79,0,In Review
3.49,Arts,11956,95,0,In Review
3.17,Arts,11908,33,3,In Review
3.92,Education,3600,37,1,In Review
2.75,Education,14944,92,2,In Review
2.57,Psychology,6110,42,1,In Review
3.74,Education,10744,93,1,In Review
2.45,Engineering,3410,66,1,Ineligible
3.93,Engineering,12867,88,4,In Review
2.02,Law,1904,66,0,Ineligible
3.94,Medicine,11528,49,1,In Review
2.09,Engineering,13982,44,3,Ineligible
3.78,Business,14199,47,0,In Review
3.06,Arts,8161,44,1,In Review
3.99,Finance,4999,93,1,Eligible
2.15,Education,4654,97,0,Ineligible
3.11,Law,8063,77,3,In Review
3.94,Computer Science,12486,60,0,In Review
3.05,Finance,2714,44,2,In Review
3.26,Business,8165,97,0,In Review
3.39,Education,3872,67,2,In Review
2.91,Business,9998,29,1,In Review
3.26,Arts,1206,94,3,In Review
3.17,Arts,14489,30,3,In Review
3.8,Psychology,966,40,2,In Review
2.09,Law,1308,64,3,Ineligible
2.56,Finance,2461,26,2,In Review
3.9,Science,4464,83,1,Eligible
3.78,Science,4289,83,0,Eligible
2.91,Finance,13850,21,2,In Review
3.24,Computer Science,1480,95,0,In Review
2.55,Law,3324,61,1,In Review
2.38,Business,2920,73,0,Ineligible
2.93,Computer Science,6060,94,0,In Review
2.71,Medicine,13669,35,4,In Review
3.17,Finance,5157,37,2,In Review
2.16,Business,2163,78,0,Ineligible
3.95,Science,10323,35,3,In Review
3.97,Engineering,3092,25,0,In Review
3.4,Psychology,2338,76,1,In Review
3.07,Science,4208,66,2,In Review
2.62,Law,8542,67,2,In Review
3.63,Arts,9552,61,1,In Review
3.37,Engineering,10091,95,4,In Review
2.33,Psychology,2703,79,1,Ineligible
3.82,Psychology,974,96,2,Eligible
3.65,Medicine,11148,23,3,In Review
3.9,Medicine,3030,21,0,In Review
3.45,Education,5087,78,2,In Review
3.23,Science,4960,46,1,In Review
2.84,Science,12912,46,1,In Review
3.87,Science,7906,98,1,Eligible
3.73,Education,10489,91,1,In Review
2.09,Computer Science,12846,26,2,Ineligible
2.05,Psychology,3971,82,2,Ineligible
2.75,Engineering,2367,65,1,In Review
3.62,Law,1951,82,2,Eligible
3.97,Psychology,8419,31,3,In Review
2.3,Medicine,6833,32,2,Ineligible
3.19,Business,9360,62,2,In Review
2.76,Arts,5746,36,3,In Review
3.94,Education,9034,82,1,In Review
3.68,Finance,2707,55,1,In Review
3.68,Business,4290,27,2,In Review
2.94,Law,3335,88,0,In Review
2.83,Science,4973,99,2,In Review
2.55,Medicine,11865,55,0,In Review
2.11,Medicine,10816,47,1,Ineligible
3.73,Medicine,2093,66,0,In Review
3.63,Science,5569,95,1,Eligible
4.0,Finance,5596,49,1,In Review
3.99,Education,13846,42,2,In Review
3.11,Business,7671,35,1,In Review
3.54,Science,12378,33,2,In Review
3.89,Law,3772,93,1,Eligible
3.7,Education,4722,90,2,Eligible
2.49,Law,5797,71,1,Ineligible
2.9,Education,7832,56,1,In Review
2.26,Finance,1792,48,1,Ineligible
3.91,Arts,8912,86,2,In Review
3.21,Law,6087,34,2,In Review
2.46,Science,11378,66,0,Ineligible
3.34,Education,3040,65,1,In Review
3.24,Medicine,2276,71,0,In Review
2.72,Psychology,7226,38,4,In Review
2.23,Medicine,12399,96,1,Ineligible
3.34,Computer Science,1189,40,2,In Review
3.04,Arts,1799,83,1,In Review
3.54,Arts,13612,56,0,In Review
3.04,Medicine,2655,46,0,In Review
3.7,Business,8925,74,4,In Review
3.1,Finance,14594,48,0,In Review
3.12,Law,9650,39,1,In Review
3.75,Science,3563,44,2,In Review
2.81,Arts,4463,89,0,In Review
2.27,Medicine,5786,82,0,Ineligible
2.06,Medicine,2281,55,3,Ineligible
3.51,Finance,8056,21,1,In Review
3.24,Finance,4531,41,0,In Review
3.41,Engineering,8062,35,2,In Review
2.43,Engineering,1251,37,2,Ineligible
2.27,Business,11467,88,3,Ineligible
2.03,Business,12214,73,0,Ineligible
2.7,Computer Science,10529,49,0,In Review
3.18,Business,3893,64,0,In Review
2.78,Education,1682,38,2,In Review
2.87,Finance,5208,53,1,In Review
3.81,Science,4868,32,1,In Review
2.7,Education,13927,62,1,In Review
3.03,Law,11558,81,1,In Review
3.57,Medicine,4077,41,1,In Review
2.79,Business,9366,71,0,In Review
3.24,Medicine,13538,71,0,In Review
3.72,Arts,12689,55,1,In Review
3.9,Computer Science,8751,92,3,In Review
2.29,Arts,12054,38,0,Ineligible
3.85,Computer Science,5490,57,0,In Review
2.98,Engineering,12242,89,1,In Review
2.52,Medicine,14321,98,0,In Review
2.92,Computer Science,5395,76,0,In Review
3.96,Psychology,5359,39,1,In Review
2.99,Education,8091,28,2,In Review
2.66,Computer Science,8960,51,0,In Review
3.27,Computer Science,912,23,0,In Review
2.48,Education,5931,69,5,Ineligible
2.15,Medicine,3997,24,1,Ineligible
2.26,Medicine,11370,39,0,Ineligible
2.26,Education,10916,94,0,Ineligible
2.3,Arts,939,56,3,Ineligible
2.28,Psychology,2224,41,0,Ineligible
3.28,Science,3749,77,2,In Review
2.36,Law,3968,87,1,Ineligible
2.69,Psychology,9508,63,1,In Review
3.79,Medicine,11608,53,1,In Review
2.95,Science,6843,96,2,In Review
3.34,Engineering,7789,61,1,In Review
2.34,Business,8036,28,0,Ineligible
2.38,Computer Science,7061,26,2,Ineligible
2.08,Education,1687,87,1,Ineligible
2.34,Education,3904,38,1,Ineligible
2.56,Computer Science,14429,50,3,In Review
2.35,Business,849,54,2,Ineligible
2.18,Law,4751,76,2,Ineligible
2.24,Business,4360,80,4,Ineligible
2.92,Science,818,50,3,In Review
2.41,Business,5621,72,0,Ineligible
2.73,Science,7140,51,2,In Review
3.01,Business,8858,85,1,In Review
3.38,Law,10465,78,1,In Review
2.08,Law,13053,29,1,Ineligible
3.6,Medicine,3406,21,3,In Review
3.26,Computer Science,8646,85,0,In Review
2.16,Law,9443,79,1,Ineligible
3.75,Science,7232,36,4,In Review
3.84,Law,14252,35,1,In Review
2.12,Medicine,14195,35,2,Ineligible
2.55,Education,4565,65,2,In Review
3.61,Science,3238,58,1,In Review
3.5,Medicine,13302,50,1,In Review
2.37,Arts,10541,20,4,Ineligible
2.42,Arts,7158,30,2,Ineligible
2.74,Engineering,12466,23,2,In Review
2.97,Business,9119,90,2,In Review
3.24,Computer Science,6741,45,3,In Review
2.74,Finance,8444,69,2,In Review
2.93,Psychology,5655,31,1,In Review
3.49,Medicine,7347,94,2,In Review
2.07,Education,7996,84,1,Ineligible
2.5,Psychology,6711,66,2,In Review
3.43,Education,7281,72,2,In Review
3.79,Psychology,3561,90,2,Eligible
3.02,Medicine,5256,21,2,In Review
3.06,Finance,13656,43,2,In Review
2.21,Psychology,10407,23,1,Ineligible
2.89,Medicine,7161,38,0,In Review
3.07,Law,6493,45,2,In Review
2.48,Finance,6588,94,0,Ineligible
2.54,Science,1001,59,0,In Review
2.75,Education,6960,69,2,In Review
2.04,Arts,11361,62,1,Ineligible
2.64,Business,1317,94,0,In Review
2.42,Arts,8537,86,0,Ineligible
2.65,Finance,14436,31,1,In Review
2.24,Science,14523,86,1,Ineligible
3.78,Education,10333,46,3,In Review
3.19,Science,13768,73,2,In Review
3.36,Psychology,2788,85,1,In Review
3.58,Education,12537,68,1,In Review
3.0,Psychology,14579,35,4,In Review
2.17,Medicine,13512,21,2,Ineligible
3.07,Finance,4602,79,1,In Review
3.17,Medicine,6608,73,1,In Review
3.49,Engineering,12267,49,1,In Review
2.86,Science,12646,57,0,In Review
2.26,Psychology,7962,47,3,Ineligible
2.57,Law,11426,44,2,In Review
2.73,Medicine,13865,29,0,In Review
3.29,Engineering,7041,79,5,In Review
3.14,Computer Science,14914,61,0,In Review
2.71,Arts,9199,59,1,In Review
3.97,Education,6433,96,3,Eligible
3.21,Engineering,6555,61,1,In Review
2.47,Finance,11625,66,2,Ineligible
2.2,Medicine,7109,56,2,Ineligible
2.31,Finance,4917,99,1,Ineligible
2.49,Arts,9145,41,3,Ineligible
2.32,Law,12358,76,1,Ineligible
2.37,Science,13306,46,2,Ineligible
2.57,Science,13756,60,2,In Review
2.35,Finance,2318,99,2,Ineligible
3.79,Psychology,6963,53,0,In Review
2.16,Law,3400,51,1,Ineligible
3.05,Science,14037,85,4,In Review
2.82,Law,2995,31,0,In Review
3.96,Engineering,13490,59,1,In Review
2.22,Law,13683,92,0,Ineligible
2.8,Business,4354,95,2,In Review
3.94,Arts,11406,92,4,In Review
3.73,Science,14525,29,3,In Review
3.63,Law,3649,67,0,In Review
2.52,Finance,14245,39,1,In Review
2.34,Computer Science,2542,58,0,Ineligible
3.34,Business,2106,79,1,In Review
3.86,Business,4649,85,3,Eligible
3.11,Psychology,13160,84,0,In Review
3.14,Law,13568,70,3,In Review
2.56,Psychology,8319,55,2,In Review
3.54,Psychology,13647,43,2,In Review
2.37,Computer Science,13832,46,1,Ineligible
2.65,Engineering,14554,21,2,In Review
2.85,Law,4995,50,1,In Review
3.02,Medicine,5978,76,1,In Review
2.48,Science,3355,97,6,Ineligible
2.23,Psychology,3105,85,2,Ineligible
3.22,Arts,13500,48,1,In Review
2.58,Education,8419,34,2,In Review
3.16,Arts,10080,31,0,In Review
2.31,Computer Science,3442,47,0,Ineligible
2.96,Computer Science,10169,43,2,In Review
3.07,Finance,7209,40,2,In Review
2.1,Engineering,13908,29,1,Ineligible
2.67,Science,5557,97,0,In Review
2.27,Psychology,3794,37,1,Ineligible
2.13,Arts,9551,33,1,Ineligible
3.98,Education,11956,53,0,In Review
2.64,Computer Science,2071,77,1,In Review
3.62,Computer Science,2613,95,0,Eligible
2.51,Engineering,11907,41,1,In Review
3.36,Education,9601,89,0,In Review
3.52,Education,3261,55,5,In Review
3.19,Engineering,4920,64,4,In Review
2.94,Computer Science,6924,55,3,In Review
2.82,Science,9275,41,1,In Review
2.7,Law,14560,97,1,In Review
3.86,Law,11920,99,0,In Review
3.66,Engineering,5196,80,1,Eligible
3.93,Education,10083,75,3,In Review
2.25,Psychology,14118,52,2,Ineligible
3.46,Engineering,1616,64,0,In Review
3.88,Science,8104,55,1,In Review
2.36,Engineering,8131,39,3,Ineligible
2.13,Business,882,37,2,Ineligible
3.48,Arts,2720,57,1,In Review
3.15,Education,8617,86,2,In Review
3.68,Finance,12483,42,1,In Review
2.28,Finance,12136,35,2,Ineligible
3.59,Education,2893,78,2,Eligible
2.4,Science,13705,88,0,Ineligible
2.33,Business,7871,87,2,Ineligible
2.33,Business,8767,40,1,Ineligible
3.63,Computer Science,9167,97,1,In Review
3.33,Arts,6085,97,2,In Review
3.05,Law,11696,89,1,In Review
2.72,Medicine,5737,31,1,In Review
3.75,Science,1169,35,0,In Review
2.78,Medicine,2618,33,1,In Review
3.63,Medicine,2901,80,2,Eligible
2.88,Education,13777,90,1,In Review
2.75,Finance,4290,65,3,In Review
2.93,Finance,2579,51,2,In Review
2.6,Law,8474,34,0,In Review
3.5,Education,2164,63,0,In Review
3.01,Medicine,8094,36,2,In Review
2.46,Psychology,14520,60,3,Ineligible
3.8,Finance,13454,73,0,In Review
2.77,Science,12334,63,2,In Review
3.09,Science,13731,24,2,In Review
3.81,Computer Science,4476,46,2,In Review
3.25,Engineering,3226,97,0,In Review
2.23,Psychology,9064,98,2,Ineligible
3.88,Finance,8889,62,2,In Review
3.26,Business,3762,50,0,In Review
2.67,Finance,14359,36,0,In Review
2.28,Computer Science,1659,73,1,Ineligible
3.59,Science,12848,81,1,In Review
3.24,Medicine,4938,51,1,In Review
3.07,Business,3224,59,1,In Review
3.79,Education,10056,32,2,In Review
3.58,Arts,11209,54,3,In Review
2.3,Medicine,4817,24,1,Ineligible
2.62,Arts,11251,92,3,In Review
2.5,Psychology,14604,48,2,In Review
3.49,Engineering,12743,89,3,In Review
2.07,Business,11078,44,2,Ineligible
3.14,Law,9360,41,4,In Review
3.52,Business,11796,85,2,In Review
3.75,Finance,9142,64,1,In Review
2.68,Science,1934,88,1,In Review
3.64,Finance,14591,91,0,In Review
2.22,Finance,14547,20,1,Ineligible
3.69,Psychology,5966,63,1,In Review
2.25,Medicine,5919,94,3,Ineligible
2.79,Law,6494,58,1,In Review
3.59,Law,11776,73,0,In Review
2.3,Finance,6936,94,2,Ineligible
2.46,Arts,6285,48,0,Ineligible
3.44,Psychology,4964,73,0,In Review
3.44,Finance,3146,35,2,In Review
3.28,Engineering,5839,39,2,In Review
3.39,Science,5697,65,1,In Review
3.09,Medicine,11242,86,1,In Review
2.5,Education,9052,84,0,In Review
2.69,Engineering,5841,77,1,In Review
2.36,Arts,12002,72,1,Ineligible
3.82,Business,4701,20,1,In Review
3.17,Business,2137,85,4,In Review
2.8,Engineering,1984,48,2,In Review
2.92,Finance,5226,89,2,In Review
3.89,Education,2351,27,1,In Review
2.31,Computer Science,13425,48,5,Ineligible
3.17,Computer Science,2429,70,1,In Review
3.01,Arts,10319,52,3,In Review
3.22,Finance,2326,22,1,In Review
2.04,Law,10665,79,2,Ineligible
3.74,Law,2161,54,2,In Review
3.86,Medicine,10565,88,0,In Review
3.13,Education,11678,95,1,In Review
3.39,Education,5170,39,3,In Review
3.84,Business,6083,92,2,Eligible
3.41,Psychology,8410,58,2,In Review
2.31,Arts,11358,23,2,Ineligible
3.15,Computer Science,12749,38,0,In Review
3.21,Arts,11426,64,4,In Review
2.85,Law,2793,62,0,In Review
3.47,Law,1669,32,2,In Review
3.87,Engineering,1814,32,1,In Review
3.85,Medicine,10903,79,0,In Review
2.9,Education,1402,76,0,In Review
2.23,Science,12813,71,2,Ineligible
3.97,Arts,14887,72,2,In Review
3.68,Law,1490,62,0,In Review
2.25,Psychology,9485,91,0,Ineligible
3.84,Business,1289,91,2,Eligible
3.74,Computer Science,7664,61,2,In Review
3.04,Medicine,8040,45,1,In Review
3.18,Psychology,11548,42,2,In Review
2.8,Medicine,13477,62,1,In Review
2.11,Engineering,8586,96,3,Ineligible
2.67,Science,8824,47,1,In Review
3.61,Law,1094,28,1,In Review
2.01,Business,6288,39,6,Ineligible
2.67,Psychology,4827,75,1,In Review
2.8,Medicine,11835,58,1,In Review
3.07,Education,3712,70,2,In Review
3.84,Engineering,10709,31,0,In Review
2.69,Education,11588,98,1,In Review
2.69,Business,5544,74,0,In Review
3.48,Psychology,2673,97,0,In Review
2.9,Engineering,13655,30,1,In Review
2.45,Psychology,4058,45,3,Ineligible
2.9,Law,3617,61,2,In Review
2.28,Finance,9436,46,0,Ineligible
2.35,Engineering,4441,30,2,Ineligible
3.0,Education,5258,57,1,In Review
2.84,Business,6107,62,3,In Review
3.83,Science,9733,38,2,In Review
2.72,Law,2841,83,1,In Review
3.16,Finance,1479,25,0,In Review
3.26,Science,11459,65,3,In Review
2.03,Computer Science,12689,61,3,Ineligible
3.33,Law,6538,84,2,In Review
2.36,Business,6468,91,2,Ineligible
3.92,Medicine,10350,78,0,In Review
2.3,Engineering,8497,71,0,Ineligible
2.83,Psychology,8833,66,1,In Review
2.17,Business,862,26,1,Ineligible
3.99,Engineering,8629,30,1,In Review
3.0,Science,11551,80,1,In Review
3.19,Psychology,14250,87,2,In Review
2.13,Arts,12761,44,1,Ineligible
3.5,Education,8152,31,2,In Review
2.42,Computer Science,14316,45,0,Ineligible
3.8,Law,7715,31,2,In Review
2.41,Business,13343,62,1,Ineligible
2.38,Computer Science,9126,70,1,Ineligible
2.07,Medicine,4444,56,3,Ineligible
2.94,Engineering,5770,65,1,In Review
3.13,Engineering,13909,72,2,In Review
2.13,Business,11127,99,0,Ineligible
3.55,Finance,8803,32,1,In Review
2.91,Finance,4078,73,1,In Review
3.05,Arts,8096,76,1,In Review
2.88,Education,9814,23,2,In Review
2.8,Psychology,3874,94,1,In Review
3.12,Medicine,14061,68,2,In Review
2.31,Computer Science,11973,26,2,Ineligible
2.36,Finance,14865,30,2,Ineligible
3.72,Arts,9112,73,1,In Review
3.89,Arts,8352,64,1,In Review
2.75,Business,2437,42,0,In Review
2.54,Medicine,14452,47,1,In Review
3.29,Science,5903,76,0,In Review
2.82,Psychology,9916,45,1,In Review
2.05,Education,1444,44,2,Ineligible
2.31,Law,2832,73,1,Ineligible
3.43,Business,3561,48,0,In Review
3.32,Psychology,2868,55,1,In Review
2.05,Law,1041,33,2,Ineligible
2.44,Law,3468,97,2,Ineligible
2.46,Medicine,14707,54,0,Ineligible
3.34,Medicine,1602,49,2,In Review
2.04,Computer Science,5859,36,2,Ineligible
2.21,Arts,13156,86,1,Ineligible
3.6,Psychology,14240,99,0,In Review
2.36,Business,995,49,1,Ineligible
3.31,Engineering,2987,64,2,In Review
2.48,Business,12507,98,2,Ineligible
2.2,Computer Science,3130,70,3,Ineligible
2.49,Education,11351,66,2,Ineligible
3.44,Arts,5641,72,1,In Review
3.71,Engineering,4406,83,0,Eligible
3.66,Finance,14776,57,2,In Review
2.79,Education,9268,83,0,In Review
3.34,Medicine,860,26,2,In Review
2.41,Law,12382,41,4,Ineligible
2.59,Finance,10905,60,2,In Review
3.79,Business,4727,93,0,Eligible
2.03,Business,7096,29,2,Ineligible
2.17,Medicine,14860,76,1,Ineligible
2.42,Computer Science,14422,26,1,Ineligible
2.05,Psychology,14925,69,2,Ineligible
2.36,Finance,3391,71,3,Ineligible
3.17,Finance,9558,52,0,In Review
2.84,Science,12927,20,4,In Review
3.79,Education,10563,72,1,In Review
3.63,Arts,13709,79,0,In Review
2.68,Education,6921,53,0,In Review
2.52,Psychology,2000,23,2,In Review
2.76,Business,13401,36,0,In Review
3.18,Business,3654,23,4,In Review
2.54,Business,11887,62,1,In Review
3.25,Science,7824,23,0,In Review
2.82,Business,10228,20,3,In Review
3.1,Psychology,7772,90,1,In Review
2.87,Medicine,936,69,1,In Review
2.59,Arts,1829,92,1,In Review
3.9,Psychology,11148,80,1,In Review
3.53,Arts,3394,54,2,In Review
2.28,Psychology,8006,27,0,Ineligible
3.74,Business,1461,43,2,In Review
2.97,Medicine,3272,55,4,In Review
3.79,Finance,11669,69,0,In Review
3.6,Education,11300,62,2,In Review
2.85,Law,886,46,1,In Review
2.04,Medicine,11504,51,2,Ineligible
2.54,Finance,7019,97,1,In Review
3.08,Computer Science,8943,37,2,In Review
3.27,Psychology,7768,47,2,In Review
2.52,Computer Science,11934,48,0,In Review
2.28,Finance,3573,35,3,Ineligible
3.67,Medicine,11496,66,0,In Review
3.97,Psychology,14396,78,3,In Review
3.05,Law,12302,50,2,In Review
2.34,Business,2500,23,1,Ineligible
2.54,Psychology,12662,56,5,In Review
2.04,Psychology,3500,36,0,Ineligible
3.83,Medicine,7615,58,1,In Review
2.24,Medicine,12621,67,1,Ineligible
3.15,Finance,13582,65,0,In Review
2.55,Engineering,2447,67,1,In Review
3.11,Psychology,6838,58,1,In Review
3.3,Education,5964,23,1,In Review
3.66,Psychology,6320,49,2,In Review
2.41,Finance,12310,49,2,Ineligible
2.02,Arts,4487,41,1,Ineligible
2.27,Computer Science,1396,94,1,Ineligible
3.8,Business,5345,85,2,Eligible
3.75,Engineering,9476,31,0,In Review
3.19,Law,9637,55,0,In Review
3.2,Law,12081,37,2,In Review
3.33,Law,14717,72,1,In Review
2.35,Medicine,5557,90,1,Ineligible
3.83,Law,13845,20,1,In Review
2.84,Business,5184,77,0,In Review
2.77,Computer Science,9712,25,0,In Review
3.04,Law,5533,89,2,In Review
2.09,Psychology,7881,63,0,Ineligible
2.33,Psychology,9490,91,0,Ineligible
3.48,Medicine,7917,43,1,In Review
2.17,Business,5529,38,3,Ineligible
3.21,Computer Science,2473,37,0,In Review
2.49,Engineering,12059,49,3,Ineligible
2.78,Finance,9106,61,3,In Review
2.58,Computer Science,11971,52,2,In Review
2.71,Finance,13761,93,1,In Review
3.44,Arts,10728,31,1,In Review
2.59,Finance,14345,46,2,In Review
3.13,Education,12603,58,1,In Review
2.95,Psychology,7978,28,3,In Review
3.33,Business,11245,40,1,In Review
3.87,Science,3094,95,1,Eligible
3.47,Medicine,4430,48,1,In Review
2.43,Education,946,52,3,Ineligible
2.06,Finance,12974,81,2,Ineligible
2.52,Law,4253,34,0,In Review
3.19,Business,5307,21,3,In Review
2.1,Education,6583,71,2,Ineligible
2.99,Medicine,8551,63,2,In Review
3.19,Psychology,11402,73,3,In Review
2.67,Business,6428,37,2,In Review
3.54,Medicine,9128,22,1,In Review
2.21,Arts,4160,26,3,Ineligible
2.15,Arts,3805,62,3,Ineligible
3.46,Medicine,4352,57,1,In Review
2.99,Education,818,56,3,In Review
3.38,Business,3042,77,2,In Review
2.87,Education,7118,52,2,In Review
2.49,Engineering,5897,78,2,Ineligible
3.64,Finance,9440,30,2,In Review
3.6,Engineering,2748,87,4,Eligible
3.39,Arts,9937,87,1,In Review
2.54,Psychology,14465,41,1,In Review
3.18,Computer Science,6418,85,1,In Review
2.72,Finance,5036,63,2,In Review
2.18,Arts,7701,25,0,Ineligible
3.83,Education,2720,61,1,In Review
2.27,Education,11969,44,0,Ineligible
3.9,Education,4988,76,4,Eligible
2.89,Psychology,13007,74,2,In Review
2.37,Engineering,1038,35,4,Ineligible
3.08,Computer Science,1004,33,2,In Review
3.75,Education,11599,58,1,In Review
3.46,Science,6352,47,1,In Review
3.61,Finance,13332,70,3,In Review
3.32,Business,5727,68,3,In Review
3.38,Science,12380,28,1,In Review
3.7,Computer Science,11964,77,0,In Review
2.5,Psychology,5190,64,2,In Review
2.98,Computer Science,3487,41,3,In Review
2.44,Business,5751,51,2,Ineligible
3.98,Finance,6960,88,0,Eligible
3.89,Business,13158,88,0,In Review
2.08,Medicine,6188,61,2,Ineligible
3.41,Finance,10340,72,0,In Review
3.85,Computer Science,13392,78,1,In Review
2.36,Education,5926,93,1,Ineligible
3.14,Computer Science,14425,58,0,In Review
3.83,Computer Science,1616,34,1,In Review
2.07,Finance,14214,90,1,Ineligible
3.39,Medicine,9812,48,2,In Review
2.59,Computer Science,992,22,2,In Review
3.85,Science,2576,29,0,In Review
3.94,Arts,4445,48,3,In Review
3.89,Law,13616,98,0,In Review
2.95,Law,7114,54,1,In Review
3.72,Computer Science,9242,25,2,In Review
3.69,Science,2588,31,3,In Review
2.64,Education,8174,57,0,In Review
3.66,Psychology,4500,96,1,Eligible
2.07,Psychology,11455,38,1,Ineligible
3.19,Finance,14491,86,1,In Review
2.46,Law,10159,27,1,Ineligible
2.24,Computer Science,4693,27,1,Ineligible
2.15,Psychology,7611,66,1,Ineligible
3.39,Computer Science,10088,23,3,In Review
2.68,Finance,3479,70,0,In Review
3.45,Law,10839,86,2,In Review
2.13,Business,4704,64,1,Ineligible
2.63,Arts,8060,27,1,In Review
3.08,Arts,1304,35,3,In Review
3.58,Psychology,10613,96,2,In Review
2.64,Arts,11464,86,0,In Review
3.25,Business,11538,28,0,In Review
3.77,Computer Science,10379,79,0,In Review
3.23,Finance,11986,97,1,In Review
2.47,Business,7573,96,1,Ineligible
2.05,Finance,4616,90,3,Ineligible
3.74,Finance,14310,34,1,In Review
2.04,Law,1517,90,1,Ineligible
3.75,Computer Science,12476,60,2,In Review
3.06,Science,5234,41,2,In Review
3.88,Arts,1458,43,1,In Review
3.6,Science,5857,63,3,In Review
4.0,Law,4808,20,0,In Review
2.7,Finance,13516,29,2,In Review
3.53,Psychology,5794,99,3,Eligible
2.8,Arts,5034,91,3,In Review
2.96,Arts,4564,75,2,In Review
3.26,Computer Science,11981,69,2,In Review
3.75,Medicine,5437,31,3,In Review
3.97,Engineering,2904,79,1,Eligible
3.54,Engineering,10247,45,0,In Review
2.84,Engineering,7601,97,1,In Review
2.84,Medicine,11474,60,1,In Review
3.48,Computer Science,9375,55,1,In Review
2.48,Medicine,3407,42,3,Ineligible
2.22,Engineering,9185,62,0,Ineligible
2.71,Law,12799,25,2,In Review
2.57,Business,4519,88,1,In Review
2.59,Finance,3381,62,2,In Review
2.47,Medicine,3365,44,0,Ineligible
2.08,Computer Science,3563,37,0,Ineligible
2.04,Computer Science,11790,81,2,Ineligible
3.98,Science,7128,32,0,In Review
2.86,Business,6791,62,2,In Review
2.77,Psychology,11331,97,1,In Review
3.36,Arts,4206,47,2,In Review
2.44,Engineering,9723,37,2,Ineligible
3.9,Psychology,11864,78,1,In Review
3.57,Science,12112,79,2,In Review
2.18,Engineering,5580,82,0,Ineligible
2.84,Business,4977,76,0,In Review
3.76,Science,7276,70,1,Eligible
3.89,Engineering,3404,75,2,Eligible
2.93,Business,8981,46,1,In Review
3.23,Education,3182,51,0,In Review
2.33,Psychology,1331,28,1,Ineligible
3.98,Psychology,6879,87,1,Eligible
2.46,Arts,13308,65,1,Ineligible
3.89,Business,1434,86,0,Eligible
3.3,Medicine,10761,45,0,In Review
3.22,Education,12796,27,1,In Review
3.03,Law,11362,25,1,In Review
2.46,Engineering,14962,99,0,Ineligible
2.35,Education,802,43,1,Ineligible
2.44,Business,14805,67,0,Ineligible
2.37,Finance,9197,64,1,Ineligible
3.56,Engineering,6751,32,2,In Review
2.7,Computer Science,13127,88,1,In Review
2.12,Psychology,11613,44,2,Ineligible
3.94,Business,13731,39,4,In Review
3.77,Computer Science,6426,85,1,Eligible
3.86,Arts,8539,93,1,In Review
3.99,Science,6803,64,2,In Review
2.35,Law,3690,66,2,Ineligible
2.79,Law,12185,82,1,In Review
3.52,Computer Science,11658,95,1,In Review
3.39,Psychology,7039,96,2,In Review
2.31,Arts,8826,74,2,Ineligible
3.63,Finance,4106,94,2,Eligible
2.45,Psychology,1697,38,0,Ineligible
2.45,Education,10077,54,1,Ineligible
3.07,Law,10271,72,2,In Review
3.19,Education,1470,45,3,In Review
3.16,Engineering,8091,33,1,In Review
2.18,Medicine,2305,64,2,Ineligible
3.75,Business,7260,63,0,In Review
2.53,Arts,12567,84,1,In Review
2.26,Psychology,13806,70,3,Ineligible
3.78,Law,5967,62,0,In Review
3.91,Education,10947,42,2,In Review
3.72,Science,6055,75,1,Eligible
3.62,Engineering,1049,38,3,In Review
3.31,Business,7257,95,0,In Review
3.1,Business,2692,74,2,In Review
2.17,Psychology,4239,79,1,Ineligible
2.82,Arts,10845,78,0,In Review
2.75,Finance,3654,52,1,In Review
2.52,Science,10495,38,2,In Review
3.45,Psychology,12377,47,2,In Review
2.99,Education,12563,71,1,In Review
2.16,Medicine,4592,68,0,Ineligible
2.44,Computer Science,12418,56,0,Ineligible
3.37,Finance,6130,45,1,In Review
2.15,Arts,8671,59,3,Ineligible
3.7,Engineering,9035,99,1,In Review
2.99,Finance,4412,57,0,In Review
2.96,Law,3418,96,0,In Review
3.18,Arts,5478,73,2,In Review
3.65,Medicine,3963,41,0,In Review
2.7,Law,10280,35,1,In Review
3.36,Finance,3742,47,4,In Review
3.13,Computer Science,9211,54,2,In Review
2.53,Computer Science,2725,79,0,In Review
3.76,Medicine,3772,64,2,In Review
3.59,Business,12505,65,2,In Review
3.32,Science,11440,91,4,In Review
3.7,Engineering,12463,74,1,In Review
3.73,Business,11766,45,1,In Review
3.42,Computer Science,1790,44,0,In Review
3.67,Computer Science,11938,84,1,In Review
3.39,Education,2612,25,0,In Review
3.36,Law,13945,42,4,In Review
3.24,Finance,9795,83,1,In Review
3.51,Engineering,1289,62,0,In Review
2.32,Medicine,12548,42,2,Ineligible
3.76,Finance,6676,49,2,In Review
3.74,Education,10485,96,0,In Review
2.06,Computer Science,4445,37,3,Ineligible
3.65,Medicine,7881,98,1,Eligible
2.26,Computer Science,3691,40,0,Ineligible
2.67,Engineering,10697,76,2,In Review
3.49,Law,4316,42,0,In Review
2.32,Finance,4140,64,2,Ineligible
3.64,Finance,7210,63,1,In Review
3.66,Business,853,66,1,In Review
3.01,Medicine,3375,59,0,In Review
2.01,Science,12583,70,1,Ineligible
2.57,Education,1415,61,2,In Review
3.23,Science,14170,26,1,In Review
3.96,Business,6744,69,4,In Review
3.26,Engineering,8204,67,0,In Review
2.52,Education,1754,25,3,In Review
3.27,Law,11425,28,3,In Review
3.08,Science,2429,76,1,In Review
3.56,Law,11773,50,2,In Review
2.21,Science,7659,40,1,Ineligible
3.52,Law,9641,59,0,In Review
3.08,Science,11339,64,0,In Review
3.93,Law,13482,96,1,In Review
2.68,Business,4078,68,1,In Review
3.27,Arts,6255,39,0,In Review
3.86,Education,11632,36,2,In Review
2.21,Medicine,4601,47,1,Ineligible
3.87,Engineering,3361,60,0,In Review
3.38,Psychology,12241,85,0,In Review
2.14,Computer Science,7339,44,0,Ineligible
2.6,Medicine,1170,77,4,In Review
3.42,Computer Science,1657,60,2,In Review
2.13,Education,5686,25,3,Ineligible
3.16,Medicine,13745,94,1,In Review
2.69,Law,8285,57,2,In Review
3.24,Law,14480,25,3,In Review
2.09,Psychology,1183,64,3,Ineligible
3.74,Computer Science,12869,94,0,In Review
3.95,Engineering,11544,33,0,In Review
3.94,Education,5134,85,3,Eligible
3.5,Law,5090,59,0,In Review
2.26,Arts,3525,22,2,Ineligible
3.52,Business,13026,43,2,In Review
2.05,Business,12285,38,2,Ineligible
2.04,Science,7004,37,3,Ineligible
2.65,Engineering,14240,83,1,In Review
2.98,Business,6911,54,3,In Review
3.54,Science,5051,81,0,Eligible
3.37,Computer Science,12980,20,0,In Review
2.89,Law,1722,44,3,In Review
2.55,Law,3715,64,0,In Review
3.99,Arts,11942,68,1,In Review
2.85,Medicine,8757,35,1,In Review
2.9,Business,14697,38,1,In Review
2.33,Computer Science,3846,42,3,Ineligible
3.59,Finance,9966,44,1,In Review
3.39,Business,2030,35,2,In Review
2.44,Engineering,11427,73,0,Ineligible
2.16,Medicine,8447,92,2,Ineligible
3.36,Business,10806,20,1,In Review
3.31,Computer Science,11926,61,0,In Review
2.55,Business,5733,38,1,In Review
3.9,Engineering,10355,53,2,In Review
2.3,Finance,4740,99,1,Ineligible
2.86,Education,7283,74,1,In Review
3.89,Psychology,1003,37,1,In Review
2.84,Finance,960,53,2,In Review
3.28,Science,13479,64,2,In Review
2.8,Business,9760,25,0,In Review
2.55,Law,4548,40,1,In Review
3.97,Arts,7518,89,1,Eligible
2.82,Law,3381,67,1,In Review
3.79,Finance,1893,58,2,In Review
2.46,Law,5300,50,1,Ineligible
2.43,Computer Science,9599,29,2,Ineligible
2.06,Law,6510,49,1,Ineligible
3.3,Medicine,10532,37,1,In Review
2.74,Education,3675,79,3,In Review
3.73,Business,3991,92,1,Eligible
2.95,Law,2637,34,0,In Review
3.94,Engineering,1489,23,3,In Review
2.37,Education,4559,82,1,Ineligible
3.74,Education,11941,59,1,In Review
3.55,Law,14328,28,2,In Review
3.54,Education,2903,28,1,In Review
3.69,Arts,1165,45,2,In Review
3.52,Law,14810,23,2,In Review
3.25,Computer Science,12567,35,0,In Review
2.26,Finance,8892,34,1,Ineligible
2.07,Medicine,13542,71,1,Ineligible
3.84,Psychology,13191,88,0,In Review
3.23,Science,4972,24,0,In Review
3.59,Education,13317,39,2,In Review
2.96,Computer Science,6833,98,0,In Review
2.23,Business,3178,37,2,Ineligible
2.25,Business,2005,21,0,Ineligible
3.37,Science,5788,32,0,In Review
2.86,Medicine,12831,23,0,In Review
2.4,Education,6469,61,0,Ineligible
2.98,Arts,3535,93,1,In Review
2.13,Science,12339,80,1,Ineligible
3.16,Medicine,10667,27,3,In Review
2.54,Education,9290,86,1,In Review
3.6,Computer Science,1756,82,4,Eligible
2.62,Finance,10106,28,1,In Review
2.91,Arts,7423,30,0,In Review
2.02,Psychology,11497,61,1,Ineligible
2.14,Business,2274,32,1,Ineligible
2.78,Engineering,5260,55,2,In Review
2.96,Computer Science,7802,32,2,In Review
3.2,Business,14786,31,1,In Review
2.58,Law,13438,56,3,In Review
3.39,Engineering,12718,93,1,In Review
3.72,Business,12463,92,0,In Review
3.56,Medicine,7196,71,1,Eligible
2.08,Arts,3628,90,2,Ineligible
2.96,Business,14992,21,1,In Review
2.21,Psychology,3650,75,1,Ineligible
2.48,Finance,14099,79,0,Ineligible
3.97,Medicine,11498,42,0,In Review
2.28,Computer Science,12762,59,0,Ineligible
3.0,Computer Science,3764,83,0,In Review
3.24,Computer Science,5394,42,1,In Review
3.4,Computer Science,9941,48,1,In Review
3.12,Finance,13595,97,1,In Review
2.02,Business,14415,70,0,Ineligible
2.65,Education,7444,88,1,In Review
3.04,Business,3650,50,4,In Review
2.18,Law,965,69,2,Ineligible
2.7,Arts,12478,39,0,In Review
2.07,Engineering,11501,74,2,Ineligible
2.16,Education,1719,21,0,Ineligible
2.79,Education,9105,44,1,In Review
2.27,Business,4304,32,1,Ineligible
3.14,Education,1791,89,1,In Review
3.38,Science,6847,86,2,In Review
3.6,Science,4639,77,3,Eligible
2.4,Law,2058,94,2,Ineligible
2.33,Engineering,8409,83,0,Ineligible
2.21,Psychology,12418,88,1,Ineligible
3.27,Finance,9506,78,0,In Review
3.41,Business,14319,79,1,In Review
2.06,Finance,5604,81,2,Ineligible
3.87,Psychology,12188,35,2,In Review
2.1,Business,13426,87,0,Ineligible
3.08,Business,11576,34,0,In Review
3.42,Engineering,867,74,1,In Review
3.74,Finance,10588,54,0,In Review
3.43,Science,6460,74,0,In Review
3.6,Computer Science,5278,33,2,In Review
2.68,Finance,9010,68,0,In Review
3.63,Arts,11722,26,0,In Review
2.16,Arts,4321,49,2,Ineligible
3.79,Business,1372,68,2,In Review
3.1,Computer Science,7882,35,3,In Review
3.63,Medicine,8632,70,1,In Review
2.9,Psychology,6195,91,2,In Review
3.29,Law,3058,99,1,In Review
3.05,Computer Science,11894,61,2,In Review
3.46,Law,6839,36,1,In Review
2.16,Finance,1450,82,3,Ineligible
2.12,Finance,6541,64,1,Ineligible
2.49,Law,14081,96,1,Ineligible
2.32,Psychology,7638,26,4,Ineligible
3.74,Computer Science,3387,46,0,In Review
2.44,Medicine,8676,29,2,Ineligible
3.95,Business,4062,53,2,In Review
2.67,Engineering,2138,55,1,In Review
2.36,Finance,5796,44,4,Ineligible
3.58,Arts,12626,25,2,In Review
3.32,Psychology,6580,43,4,In Review
3.0,Engineering,3627,37,0,In Review
3.11,Medicine,14673,25,1,In Review
3.44,Education,14869,48,3,In Review
2.46,Business,6032,44,3,Ineligible
3.99,Finance,3017,74,1,Eligible
3.95,Business,4339,65,0,In Review
3.3,Engineering,8645,43,1,In Review
2.4,Business,10029,94,2,Ineligible
3.36,Education,14826,45,2,In Review
2.14,Engineering,5183,47,2,Ineligible
2.06,Finance,12970,22,1,Ineligible
2.52,Computer Science,3761,94,1,In Review
2.93,Arts,4026,57,3,In Review
3.74,Engineering,14678,80,3,In Review
3.45,Science,7637,97,2,In Review
3.49,Education,14833,70,3,In Review
2.85,Engineering,7831,67,2,In Review
2.69,Engineering,10090,40,2,In Review
2.74,Science,11316,73,1,In Review
3.98,Finance,9931,75,0,In Review
2.08,Engineering,4516,78,1,Ineligible
3.73,Arts,4214,91,2,Eligible
3.16,Business,2248,70,3,In Review
2.88,Finance,1370,39,2,In Review
3.45,Arts,3704,78,1,In Review
2.97,Finance,14088,90,1,In Review
3.75,Arts,14293,28,0,In Review
3.8,Education,3305,20,0,In Review
2.84,Arts,1717,48,3,In Review
2.55,Law,10866,82,1,In Review
3.18,Arts,13920,91,2,In Review
3.82,Computer Science,7782,75,2,Eligible
2.42,Computer Science,8227,87,1,Ineligible
3.25,Psychology,7136,54,1,In Review
3.26,Law,2478,22,2,In Review
3.47,Law,1415,26,2,In Review
2.26,Business,13493,46,1,Ineligible
3.43,Law,10741,20,2,In Review
3.82,Business,12817,99,1,In Review
2.36,Psychology,7886,90,0,Ineligible
2.48,Psychology,13180,63,0,Ineligible
3.94,Education,11469,60,0,In Review
2.36,Computer Science,5549,94,4,Ineligible
3.71,Arts,4305,61,3,In Review
2.98,Arts,12467,52,3,In Review
2.49,Science,5329,69,0,Ineligible
3.74,Science,1935,82,2,Eligible
2.89,Medicine,12992,56,2,In Review
3.03,Finance,9366,78,2,In Review
2.72,Education,8026,67,3,In Review
3.19,Medicine,5962,24,2,In Review
2.33,Medicine,1006,67,1,Ineligible
2.78,Engineering,5675,22,1,In Review
3.94,Engineering,2119,66,0,In Review
2.52,Medicine,1941,81,1,In Review
3.31,Law,5427,33,1,In Review
2.65,Finance,8189,82,1,In Review
3.55,Education,3490,80,0,Eligible
2.26,Medicine,8123,50,0,Ineligible
3.94,Arts,4055,36,2,In Review
2.91,Finance,9081,43,3,In Review
2.47,Engineering,6013,42,1,Ineligible
2.15,Arts,4908,69,2,Ineligible
2.34,Engineering,3820,97,1,Ineligible
3.04,Engineering,2657,98,2,In Review
2.67,Finance,9796,98,1,In Review
3.66,Engineering,9936,89,2,In Review
2.86,Psychology,3589,46,1,In Review
2.5,Computer Science,14945,34,1,In Review
3.23,Psychology,4675,69,2,In Review
3.41,Computer Science,8405,55,2,In Review
2.33,Science,10602,27,2,Ineligible
2.34,Science,8935,98,1,Ineligible
2.07,Engineering,11915,22,1,Ineligible
3.47,Education,6855,81,0,In Review
3.33,Education,4682,66,2,In Review
2.95,Computer Science,12213,96,3,In Review
3.69,Arts,7975,80,1,Eligible
3.61,Finance,14140,51,1,In Review
3.17,Engineering,13383,32,0,In Review
3.74,Finance,7929,20,0,In Review
2.41,Psychology,5821,53,0,Ineligible
2.22,Education,5535,81,0,Ineligible
2.54,Law,3187,98,0,In Review
2.11,Psychology,13715,97,2,Ineligible
3.06,Psychology,7382,90,2,In Review
3.87,Computer Science,14255,50,2,In Review
2.08,Business,9933,83,1,Ineligible
2.24,Psychology,13917,44,1,Ineligible
2.9,Engineering,6666,57,1,In Review
3.87,Medicine,3366,33,1,In Review
2.63,Medicine,1775,27,0,In Review
3.01,Engineering,8012,73,2,In Review
2.08,Business,9946,21,1,Ineligible
2.3,Business,2062,97,0,Ineligible
3.97,Computer Science,5847,75,0,Eligible
3.93,Education,9935,80,1,In Review
2.01,Finance,11194,41,0,Ineligible
3.9,Business,14292,54,1,In Review
3.28,Law,8182,35,1,In Review
3.74,Computer Science,7031,69,2,In Review
2.91,Science,4127,62,1,In Review
3.03,Arts,6430,36,1,In Review
2.98,Science,14184,99,0,In Review
3.33,Computer Science,13266,77,2,In Review
2.28,Psychology,3059,21,1,Ineligible
2.06,Finance,10820,23,2,Ineligible
2.62,Arts,2057,58,2,In Review
3.41,Science,1264,25,0,In Review
2.4,Arts,14862,88,3,Ineligible
3.35,Law,4094,88,0,In Review
3.94,Law,7574,39,2,In Review
2.19,Law,8231,83,1,Ineligible
3.35,Computer Science,2030,35,1,In Review
2.89,Finance,11646,70,5,In Review
3.74,Computer Science,9876,56,2,In Review
2.35,Medicine,4605,92,2,Ineligible
3.39,Psychology,7219,88,1,In Review
3.68,Psychology,14420,61,0,In Review
3.89,Law,6550,76,1,Eligible
3.37,Medicine,14032,85,1,In Review
2.99,Business,4656,28,2,In Review
3.24,Business,3935,83,2,In Review
3.74,Law,7753,41,0,In Review
3.14,Science,9916,53,3,In Review
2.06,Computer Science,6834,74,1,Ineligible
3.86,Law,5389,48,0,In Review
3.38,Education,2346,57,3,In Review
3.35,Arts,6865,37,2,In Review
2.43,Psychology,1894,90,0,Ineligible
3.32,Business,3211,84,0,In Review
2.79,Engineering,3417,20,3,In Review
3.3,Business,14913,23,0,In Review
2.21,Psychology,9754,23,4,Ineligible
3.32,Arts,11315,46,2,In Review
4.0,Psychology,4945,62,1,In Review
2.1,Engineering,3575,78,0,Ineligible
3.95,Law,13993,51,0,In Review
2.81,Medicine,13651,52,0,In Review
3.74,Engineering,13870,47,1,In Review
3.56,Psychology,7428,74,2,Eligible
3.13,Psychology,3955,79,0,In Review
3.48,Education,4770,89,2,In Review
3.76,Education,8772,81,4,In Review
2.81,Finance,11032,99,1,In Review
2.65,Education,14919,53,1,In Review
3.34,Computer Science,9575,75,1,In Review
3.62,Medicine,6215,32,4,In Review
3.52,Arts,5131,75,3,Eligible
3.6,Engineering,11095,37,2,In Review
2.87,Psychology,2742,73,3,In Review
3.64,Finance,13447,96,4,In Review
2.24,Finance,6826,62,3,Ineligible
3.09,Arts,9101,58,2,In Review
2.01,Medicine,991,80,1,Ineligible
2.65,Engineering,9895,61,1,In Review
2.73,Business,14204,98,0,In Review
2.79,Education,1661,37,1,In Review
3.39,Law,7511,42,1,In Review
2.78,Finance,10075,73,2,In Review
2.9,Education,1449,49,2,In Review
2.48,Education,4934,77,0,Ineligible
2.75,Computer Science,12603,87,1,In Review
2.45,Medicine,8387,86,2,Ineligible
2.15,Law,9628,90,0,Ineligible
3.21,Business,1836,37,1,In Review
3.34,Psychology,4931,26,1,In Review
3.24,Computer Science,2948,59,0,In Review
2.93,Education,12857,89,2,In Review
2.76,Education,12149,84,2,In Review
3.73,Science,12579,87,1,In Review
